{
  "id": "1456592",
  "name": "liyipeng",
  "font_family": "iconfont",
  "css_prefix_text": "icon-",
  "description": "常用图标库",
  "glyphs": [
    {
      "icon_id": "11267256",
      "name": "backspace",
      "font_class": "backspace",
      "unicode": "e60a",
      "unicode_decimal": 58890
    },
    {
      "icon_id": "11267689",
      "name": "zero",
      "font_class": "guiling",
      "unicode": "e60b",
      "unicode_decimal": 58891
    },
    {
      "icon_id": "11267822",
      "name": "等于",
      "font_class": "dengyu",
      "unicode": "e60c",
      "unicode_decimal": 58892
    },
    {
      "icon_id": "11267931",
      "name": "backspace-full",
      "font_class": "backspace1",
      "unicode": "e60d",
      "unicode_decimal": 58893
    }
  ]
}
